"","lon","lat"
"1",-122.4194155,37.7749295
"2",-94.5985613,39.0587452
"3",-81.5157535,27.6648274
"4",-95.3698028,29.7604267
"5",NA,NA
"6",-83.6282613,40.1703355
"7",-77.0368707,38.9071923
"8",-98.4936282,29.4241219
"9",NA,NA
"10",NA,NA
"11",19.040235,47.497912
"12",-95.712891,37.09024
"13",-81.163168,32.149092
"14",-120.8499924,35.3659445
"15",NA,NA
"16",NA,NA
"17",-0.1277583,51.5073509
"18",NA,NA
"19",-120.7401386,47.7510741
"20",-122.8755949,42.3265152
"21",NA,NA
"22",NA,NA
"23",-74.4056612,40.0583238
"24",-120.7401386,47.7510741
"25",-82.907123,40.4172871
"26",-0.9936306,53.100319
"27",-88.2072697,40.1105875
"28",-117.1877053,32.7666139
"29",NA,NA
"30",NA,NA
"31",-73.9712488,40.7830603
"32",-81.655651,30.3321838
"33",-74.0059413,40.7127837
"34",NA,NA
"35",NA,NA
"36",-91.9623327,30.9842977
"37",NA,NA
"38",NA,NA
"39",NA,NA
"40",-95.712891,37.09024
"41",-119.4179324,36.778261
"42",-84.3879824,33.7489954
"43",-3.435973,55.378051
"44",-102.4107493,34.2331373
"45",-119.4179324,36.778261
"46",-86.1349019,40.2671941
"47",-104.990251,39.7392358
"48",-74.4056612,40.0583238
"49",-74.0059413,40.7127837
"50",-119.4179324,36.778261
"51",-119.0187125,35.3732921
"52",-99.9018131,31.9685988
"53",-119.4179324,36.778261
"54",-71.0588801,42.3600825
"55",NA,NA
"56",-74.0059413,40.7127837
"57",-71.0588801,42.3600825
"58",-97.5164276,35.4675602
"59",-74.0059413,40.7127837
"60",-118.2436849,34.0522342
"61",-112.0740373,33.4483771
"62",-95.712891,37.09024
"63",-71.1474388,42.5745282
"64",-122.6764816,45.5230622
"65",-122.3320708,47.6062095
"66",-155.5827818,19.8967662
"67",45.079162,23.885942
"68",NA,NA
"69",-75.5993692,38.3606736
"70",NA,NA
"71",-99.9018131,31.9685988
"72",-81.3792365,28.5383355
"73",-74.0059413,40.7127837
"74",-79.3831843,43.653226
"75",NA,NA
"76",-118.2436849,34.0522342
"77",-87.6250549,41.8786351
"78",-74.0059413,40.7127837
"79",-74.3118212,41.3911653
"80",35.21371,31.768319
"81",NA,NA
"82",-77.0368707,38.9071923
"83",-77.1945247,41.2033216
"84",-0.1277583,51.5073509
"85",-118.2436849,34.0522342
"86",-113.4909267,53.544389
"87",-97.7430608,30.267153
"88",-78.6381787,35.7795897
"89",NA,NA
"90",-81.8778582,28.810823
"91",NA,NA
"92",-97.7430608,30.267153
"93",-74.0253715,40.7663711
"94",45.079162,23.885942
"95",NA,NA
"96",-117.1661449,33.1433723
"97",-91.8318334,37.9642529
"98",-77.297508,18.109581
"99",-74.0059413,40.7127837
"100",-123.1207375,49.2827291
"101",-122.3320708,47.6062095
"102",-91.9623327,30.9842977
"103",-74.4056612,40.0583238
"104",-108.1347836,34.2983884
"105",-119.4179324,36.778261
"106",2.3522219,48.856614
"107",-122.1430195,37.4418834
"108",-73.9441579,40.6781784
"109",-111.9260519,33.4941704
"110",-77.0909809,38.8816208
"111",-105.937799,35.6869752
"112",-1.61778,54.978252
"113",-74.0059413,40.7127837
"114",-95.712891,37.09024
"115",-95.712891,37.09024
"116",-122.4786854,48.7519112
"117",-74.0059413,40.7127837
"118",NA,NA
"119",-73.6342954,40.7267682
"120",-78.8689155,38.4495688
"121",-106.2800242,43.4113604
"122",-102.552784,23.634501
"123",-118.3089661,34.1808392
"124",NA,NA
"125",-86.2483921,43.2341813
"126",NA,NA
"127",-86.7816016,36.1626638
"128",NA,NA
"129",-91.8318334,37.9642529
"130",-75.6971931,45.4215296
"131",-102.4107493,34.2331373
"132",-75.2479061,40.4107964
"133",-95.712891,37.09024
"134",-95.712891,37.09024
"135",-94.6858998,46.729553
"136",-78.6568942,37.4315734
"137",-95.712891,37.09024
"138",-99.9018131,31.9685988
"139",NA,NA
"140",-71.3128285,41.4901024
"141",-74.0059413,40.7127837
"142",-105.7820674,39.5500507
"143",NA,NA
"144",-2.13125,49.214439
"145",-77.0368707,38.9071923
"146",-122.2711137,37.8043637
"147",NA,NA
"148",0.7077123,51.5459269
"149",-63.4168136,46.510712
"150",-95.712891,37.09024
"151",-78.6568942,37.4315734
"152",-87.6297982,41.8781136
"153",-74.4056612,40.0583238
"154",NA,NA
"155",-81.269453,28.8028612
"156",-71.5723953,43.1938516
"157",-75.1652215,39.9525839
"158",-121.9780153,37.7799273
"159",-92.2895948,34.7464809
"160",-110.926479,32.2217429
"161",NA,NA
"162",-95.712891,37.09024
"163",-95.712891,37.09024
"164",-8.24389,53.41291
"165",-85.6023643,44.3148443
"166",-87.6297982,41.8781136
"167",NA,NA
"168",-87.6297982,41.8781136
"169",-86.2483921,43.2341813
"170",-83.8088171,39.9242266
"171",NA,NA
"172",-112.0740373,33.4483771
"173",-118.2436849,34.0522342
"174",-122.6764816,45.5230622
"175",-81.5157535,27.6648274
"176",-90.1994042,38.6270025
"177",NA,NA
"178",-118.4003563,34.0736204
"179",-95.712891,37.09024
"180",-74.0059413,40.7127837
"181",-73.087749,41.6032207
"182",12.6945121,56.0464674
"183",-86.5804473,35.5174913
"184",-118.2436849,34.0522342
"185",NA,NA
"186",-74.0059413,40.7127837
"187",-95.712891,37.09024
"188",-74.0059413,40.7127837
"189",-120.7401386,47.7510741
"190",-77.0368707,38.9071923
"191",-118.2436849,34.0522342
"192",-99.9018131,43.9695148
"193",NA,NA
"194",NA,NA
"195",-97.7430608,30.267153
"196",-89.452287,31.0012942
"197",NA,NA
"198",-74.0059413,40.7127837
"199",NA,NA
"200",-97.8202888,30.505198
"201",-71.5723953,43.1938516
"202",-74.0059413,40.7127837
"203",NA,NA
"204",-76.6123884,39.4354087
"205",NA,NA
"206",-117.8531119,33.7877944
"207",NA,NA
"208",-84.5643178,33.6613476
"209",-8.24389,53.41291
"210",NA,NA
"211",-89.4012302,43.0730517
"212",-82.3246094,37.6061055
"213",-122.6764816,45.5230622
"214",-95.712891,37.09024
"215",-115.1398296,36.1699412
"216",-117.8369007,33.5973864
"217",NA,NA
"218",-93.2009998,44.9374831
"219",NA,NA
"220",-76.7983067,39.2673283
"221",-81.5157535,27.6648274
"222",151.2092955,-33.8688197
"223",-74.0059413,40.7127837
"224",-75.1652215,39.9525839
"225",-74.0059413,40.7127837
"226",NA,NA
"227",131.7657367,48.4808147
"228",-98.4842465,39.011902
"229",-74.0059413,40.7127837
"230",-86.1349019,40.2671941
"231",NA,NA
"232",NA,NA
"233",-74.0059413,40.7127837
"234",NA,NA
"235",-81.5157535,27.6648274
"236",-79.0192997,35.7595731
"237",-74.0059413,40.7127837
"238",NA,NA
"239",NA,NA
"240",-149.4936733,64.2008413
"241",-19.020835,64.963051
"242",-91.8318334,35.20105
"243",NA,NA
"244",-122.3320708,47.6062095
"245",-75.6971931,45.4215296
"246",-74.0059413,40.7127837
"247",-3.17909,51.481581
"248",-6.2603097,53.3498053
"249",-95.712891,37.09024
"250",-77.297508,18.109581
"251",NA,NA
"252",NA,NA
"253",-84.5066044,37.4645267
"254",-61.2335592,10.3757217
"255",-79.515361,46.097228
"256",NA,NA
"257",NA,NA
"258",NA,NA
"259",-87.6297982,41.8781136
"260",-79.3831843,43.653226
"261",-86.158068,39.768403
"262",-78.6381787,35.7795897
"263",NA,NA
"264",-77.0368707,38.9071923
"265",28.0473051,-26.2041028
"266",-105.7820674,39.5500507
"267",-81.5157535,27.6648274
"268",-74.0059413,40.7127837
"269",45.079162,23.885942
"270",-91.1403196,30.4582829
"271",0.121817,52.205337
"272",-87.6297982,41.8781136
"273",-120.8958242,38.8375215
"274",-112.0740373,33.4483771
"275",-99.9018131,31.9685988
"276",NA,NA
"277",-118.2436849,34.0522342
"278",NA,NA
"279",-95.712891,37.09024
"280",115.6396494,-33.325636
"281",-118.2436849,34.0522342
"282",NA,NA
"283",-105.5216651,40.3772059
"284",-149.4936733,64.2008413
"285",-70.9286609,42.5278731
"286",-79.0192997,35.7595731
"287",-82.4571776,27.950575
"288",-122.4194155,37.7749295
"289",-74.4056612,40.0583238
"290",-84.3879824,33.7489954
"291",-120.8465941,37.4946568
"292",-83.0457538,42.331427
"293",-95.712891,37.09024
"294",-120.9968782,37.6390972
"295",-82.907123,40.4172871
"296",-94.6707917,38.9822282
"297",-95.712891,37.09024
"298",-95.712891,37.09024
"299",-80.0364297,26.7056206
"300",-118.2436849,34.0522342
"301",-122.4194155,37.7749295
"302",NA,NA
"303",NA,NA
"304",NA,NA
"305",-120.6596156,35.2827524
"306",-2.2426305,53.4807593
"307",-4.251806,55.864237
"308",NA,NA
"309",-119.4179324,36.778261
"310",-81.1637245,33.836081
"311",-87.6297982,41.8781136
"312",-74.0086323,40.7162692
"313",-87.5691735,33.2098407
"314",-95.712891,37.09024
"315",-77.781167,21.521757
"316",NA,NA
"317",55.166667,25.216667
"318",-89.6212271,42.2966861
"319",-85.7584557,38.2526647
"320",-95.9979883,41.2523634
"321",-73.425676,40.8681539
"322",-77.0368707,38.9071923
"323",-74.0059413,40.7127837
"324",-118.2436849,34.0522342
"325",-79.5230877,37.3343079
"326",-89.4012302,43.0730517
"327",-95.712891,37.09024
"328",-74.0059413,40.7127837
"329",NA,NA
"330",-74.0059413,40.7127837
"331",-3.435973,55.378051
"332",151.2092955,-33.8688197
"333",-122.3320708,47.6062095
"334",-87.6297982,41.8781136
"335",-99.9018131,31.9685988
"336",-95.712891,37.09024
"337",133.775136,-25.274398
"338",-74.0059413,40.7127837
"339",-95.712891,37.09024
"340",121.6283098,-27.6728168
"341",-3.435973,55.378051
"342",-121.6555013,36.6777372
"343",-73.2462273,40.7812093
"344",-77.1945247,41.2033216
"345",-96.8428369,49.8859335
"346",-74.0059413,40.7127837
"347",-95.712891,37.09024
"348",NA,NA
"349",-80.8265627,27.2071351
"350",-121.3153096,44.0581728
"351",-84.5120196,39.1031182
"352",-0.1277583,51.5073509
"353",-75.6971931,45.4215296
"354",-74.0059413,40.7127837
"355",-77.0368707,38.9071923
"356",-118.2436849,34.0522342
"357",-80.9473146,35.2144026
"358",NA,NA
"359",NA,NA
"360",-82.907123,40.4172871
"361",-99.9018131,31.9685988
"362",-80.1917902,25.7616798
"363",-74.0059413,40.7127837
"364",-86.5804473,35.5174913
"365",NA,NA
"366",-71.0588801,42.3600825
"367",115.8604572,-31.9505269
"368",-106.6700458,52.1332144
"369",-81.1637245,33.836081
"370",-122.4056395,37.7785189
"371",-111.8507662,40.3916172
"372",-122.2711137,37.8043637
"373",-70.6692655,-33.4488897
"374",-79.3831843,43.653226
"375",-122.3320708,47.6062095
"376",-112.0740373,33.4483771
"377",-102.4107493,34.2331373
"378",-95.712891,37.09024
"379",NA,NA
"380",NA,NA
"381",-95.3698028,29.7604267
"382",NA,NA
"383",-155.5827818,19.8967662
"384",-8.1338558,42.5750554
"385",-74.0059413,40.7127837
"386",-84.1766358,42.9978049
"387",-119.4179324,36.778261
"388",NA,NA
"389",NA,NA
"390",-118.2436849,34.0522342
"391",NA,NA
"392",NA,NA
"393",1.183623,47.343127
"394",-90.1994042,38.6270025
"395",-73.087749,41.6032207
"396",-104.990251,39.7392358
"397",-122.4194155,37.7749295
"398",-81.5157535,27.6648274
"399",-95.712891,37.09024
"400",0.4690888,51.7343313
"401",-79.0192997,35.7595731
"402",-82.2482734,33.0238345
"403",-77.4360481,37.5407246
"404",-88.0261911,42.4105765
"405",NA,NA
"406",NA,NA
"407",-114.1804038,48.3799643
"408",-114.3168131,48.1919889
"409",-0.1277583,51.5073509
"410",-95.712891,37.09024
"411",-104.990251,39.7392358
"412",-87.8211854,42.5847425
"413",-123.0824217,49.2501243
"414",-79.0414261,33.5510021
"415",-149.4936733,64.2008413
"416",-94.6858998,46.729553
"417",-104.990251,39.7392358
"418",-78.8294768,42.7158927
"419",-74.0059413,40.7127837
"420",105.318756,61.52401
"421",-120.7401386,47.7510741
"422",-95.712891,37.09024
"423",72.8776559,19.0759837
"424",-117.1610838,32.715738
"425",5.291266,52.132633
"426",151.2092955,-33.8688197
"427",-118.2436849,34.0522342
"428",NA,NA
"429",-87.6297982,41.8781136
"430",-73.7948516,40.7282239
"431",-72.3686931,41.8714865
"432",-114.5692339,50.95174
"433",-110.926479,32.2217429
"434",-95.712891,37.09024
"435",NA,NA
"436",-3.533899,50.718412
"437",NA,NA
"438",-122.801094,49.1044302
"439",NA,NA
"440",-74.4056612,40.0583238
"441",3.3792057,6.5243793
"442",NA,NA
"443",NA,NA
"444",-95.712891,37.09024
"445",-77.0368707,38.9071923
"446",NA,NA
"447",-77.0368707,38.9071923
"448",-86.902298,32.3182314
"449",NA,NA
"450",-74.0059413,40.7127837
"451",-122.0307963,36.9741171
"452",-112.0740373,33.4483771
"453",-78.8204323,42.8452892
"454",-155.5827818,19.8967662
"455",-76.6121893,39.2903848
"456",NA,NA
"457",NA,NA
"458",NA,NA
"459",NA,NA
"460",NA,NA
"461",NA,NA
"462",121.774017,12.879721
"463",-122.4192308,37.7107269
"464",-82.8425216,39.9858333
"465",NA,NA
"466",-122.0651819,37.9100783
"467",NA,NA
"468",-118.2436849,34.0522342
"469",-74.4056612,40.0583238
"470",NA,NA
"471",-94.5785667,39.0997265
"472",-119.4179324,36.778261
"473",-82.907123,40.4172871
"474",-76.3055144,40.0378755
"475",NA,NA
"476",NA,NA
"477",-74.4056612,40.0583238
"478",-120.8958242,38.8375215
"479",45.079162,23.885942
"480",-86.158068,39.768403
"481",-82.9987942,39.9611755
"482",-84.0318199,35.0765721
"483",45.079162,23.885942
"484",-95.712891,37.09024
"485",-122.6764816,45.5230622
"486",2.213749,46.227638
"487",NA,NA
"488",NA,NA
"489",-119.4179324,36.778261
"490",NA,NA
"491",-119.4179324,36.778261
"492",NA,NA
"493",-105.2705456,40.0149856
"494",17.9909626,-32.7312495
"495",NA,NA
"496",NA,NA
"497",NA,NA
"498",-106.346771,56.130366
"499",-122.2711137,37.8043637
"500",-81.3792365,28.5383355
"501",NA,NA
"502",-94.6858998,46.729553
"503",NA,NA
"504",-80.2528257,27.197548
"505",-74.0059413,40.7127837
"506",-74.0059413,40.7127837
"507",NA,NA
"508",-87.6297982,41.8781136
"509",NA,NA
"510",-77.0368707,38.9071923
"511",NA,NA
"512",-119.4179324,36.778261
"513",-87.6250549,41.8786351
"514",NA,NA
"515",-87.6087638,41.8054641
"516",NA,NA
"517",-6.2603097,53.3498053
"518",-97.3307658,32.7554883
"519",-99.9018131,31.9685988
"520",18.0312796,59.3527699
"521",-83.1499322,42.6583661
"522",-77.1945247,41.2033216
"523",-115.1398296,36.1699412
"524",-117.1610838,32.715738
"525",-122.0651819,37.9100783
"526",NA,NA
"527",NA,NA
"528",-105.5216651,40.3772059
"529",-118.2436849,34.0522342
"530",NA,NA
"531",78.486671,17.385044
"532",-106.346771,56.130366
"533",NA,NA
"534",-118.2436849,34.0522342
"535",-122.1817252,37.4529598
"536",72.8988069,39.8407366
"537",NA,NA
"538",-87.6297982,41.8781136
"539",-97.0767365,15.8719795
"540",-76.6412712,39.0457549
"541",-118.2436849,34.0522342
"542",-97.3729062,29.2914796
"543",-81.5157535,27.6648274
"544",-87.8211854,42.5847425
"545",7.7411344,46.8184434
"546",NA,NA
"547",NA,NA
"548",-122.0399663,38.2493581
"549",-81.5157535,27.6648274
"550",-121.4943996,38.5815719
"551",-84.5120196,39.1031182
"552",-86.1349019,40.2671941
"553",-77.39628,25.03428
"554",-95.712891,37.09024
"555",-118.2436849,34.0522342
"556",NA,NA
"557",-118.2436849,34.0522342
"558",-96.7969879,32.7766642
"559",NA,NA
"560",-80.8431267,35.2270869
"561",-82.4571776,27.950575
"562",-119.8138027,39.5296329
"563",-117.9145036,33.8352932
"564",-97.1739027,33.3631705
"565",-119.4179324,36.778261
"566",-85.9119215,36.9958839
"567",-99.9018131,31.9685988
"568",-120.5542012,43.8041334
"569",-102.4107493,34.2331373
"570",-89.4012302,43.0730517
"571",NA,NA
"572",-0.1277583,51.5073509
"573",-3.435973,55.378051
"574",-95.712891,37.09024
"575",-3.435973,55.378051
"576",-96.7898034,46.8771863
"577",-73.9441579,40.6781784
"578",-118.4694832,33.9850469
"579",NA,NA
"580",-117.1610838,32.715738
"581",-97.1383744,49.895136
"582",NA,NA
"583",-123.0732801,49.3269904
"584",-74.0059413,40.7127837
"585",-95.712891,37.09024
"586",-81.3792365,28.5383355
"587",-83.1497751,42.6064095
"588",-110.926479,32.2217429
"589",-115.1398296,36.1699412
"590",-119.4179324,36.778261
"591",-81.6326234,38.3498195
"592",-118.2436849,34.0522342
"593",-115.1398296,36.1699412
"594",-118.2922461,33.7360619
"595",-111.5468301,33.177294
"596",-86.5861037,34.7303688
"597",NA,NA
"598",-95.712891,37.09024
"599",NA,NA
"600",-119.4179324,36.778261
"601",NA,NA
"602",-86.5861037,34.7303688
"603",-1.0872979,53.9599651
"604",-119.4179324,36.778261
"605",-117.8311428,33.7174708
"606",-95.712891,37.09024
"607",-73.4540111,41.394817
"608",-82.7192671,28.2441768
"609",-5.353585,36.140751
"610",-95.712891,37.09024
"611",-95.712891,37.09024
"612",-88.9858988,36.1275673
"613",-102.4107493,34.2331373
"614",NA,NA
"615",-73.9753676,40.7870106
"616",-106.346771,56.130366
"617",NA,NA
"618",NA,NA
"619",NA,NA
"620",-85.8394199,34.8686932
"621",77.5945627,12.9715987
"622",-102.4107493,34.2331373
"623",-71.2008912,42.7885553
"624",-80.1917902,25.7616798
"625",-76.6121893,39.2903848
"626",-83.985,42.43472
"627",NA,NA
"628",-79.3831843,43.653226
"629",-89.4012302,43.0730517
"630",NA,NA
"631",-118.2436849,34.0522342
"632",-74.0059413,40.7127837
"633",-95.712891,37.09024
"634",36.934959,6.349569
"635",-99.5269926,29.6152274
"636",-86.7816016,36.1626638
"637",-95.712891,37.09024
"638",-71.3824374,42.4072107
"639",-122.272747,37.8715926
"640",-95.712891,37.09024
"641",-95.3698028,29.7604267
"642",-83.7431846,42.287777
"643",-120.7401386,47.7510741
"644",-119.7725868,36.7468422
"645",NA,NA
"646",-0.1277583,51.5073509
"647",-82.907123,40.4172871
"648",-119.4179324,36.778261
"649",NA,NA
"650",-97.092877,35.0077519
"651",-95.712891,37.09024
"652",-80.2377078,25.84791
"653",-122.4194155,37.7749295
"654",-86.2519898,41.6763545
"655",NA,NA
"656",-105.7820674,39.5500507
"657",-118.2436849,34.0522342
"658",-95.712891,37.09024
"659",-77.067521,38.9048285
"660",NA,NA
"661",-74.0059413,40.7127837
"662",-122.3320708,47.6062095
"663",-95.712891,37.09024
"664",-95.712891,37.09024
"665",106.822745,-6.1744651
"666",NA,NA
"667",NA,NA
"668",-122.2913078,37.8271784
"669",NA,NA
"670",-118.2436849,34.0522342
"671",-71.5375718,43.2081366
"672",-84.1916069,39.7589478
"673",-117.9992265,33.660297
"674",-75.015152,-9.189967
"675",5.291266,52.132633
"676",-95.712891,37.09024
"677",-104.990251,39.7392358
"678",-95.712891,37.09024
"679",-74.0059413,40.7127837
"680",-117.1610838,32.715738
"681",-74.0059413,40.7127837
"682",NA,NA
"683",NA,NA
"684",NA,NA
"685",-109.9603843,34.1425438
"686",-77.0368707,38.9071923
"687",-8.24389,53.41291
"688",-81.5157535,27.6648274
"689",78.96288,20.593684
"690",-83.753428,9.748917
"691",-95.712891,37.09024
"692",-66.58973,6.42375
"693",-90.1848103,32.2987573
"694",-93.6091064,41.6005448
"695",-71.3824374,42.4072107
"696",-74.0059413,40.7127837
"697",-81.7948103,26.1420358
"698",-77.4360481,37.5407246
"699",NA,NA
"700",-95.712891,37.09024
"701",NA,NA
"702",NA,NA
"703",-73.9712488,40.7830603
"704",NA,NA
"705",-66.9036063,10.4805937
"706",NA,NA
"707",-122.272747,37.8715926
"708",144.9630576,-37.8136276
"709",-97.7430608,30.267153
"710",-66.58973,6.42375
"711",-77.067521,38.9048285
"712",-119.4179324,36.778261
"713",-110.926479,32.2217429
"714",-86.902298,32.3182314
"715",-95.712891,37.09024
"716",-102.4107493,34.2331373
"717",-122.3320708,47.6062095
"718",-95.712891,37.09024
"719",142.0584355,47.0657403
"720",-97.330053,37.6871761
"721",-66.58973,6.42375
"722",-106.7636538,32.3199396
"723",-87.6297982,41.8781136
"724",-81.0558894,29.2858129
"725",-79.7638194,36.0695516
"726",-82.2270568,34.9387279
"727",NA,NA
"728",-77.0368707,38.9071923
"729",11.97456,57.70887
"730",-95.712891,37.09024
"731",-77.0368707,38.9071923
"732",-78.6568942,37.4315734
"733",-94.6858998,46.729553
"734",-86.158068,39.768403
"735",NA,NA
"736",-87.6297982,41.8781136
"737",-95.712891,37.09024
"738",-122.4194155,37.7749295
"739",-79.0192997,35.7595731
"740",-94.5785667,39.0997265
"741",-81.1025918,37.3662293
"742",NA,NA
"743",4.8719854,50.4673883
"744",NA,NA
"745",12.5683371,55.6760968
"746",-81.5157535,27.6648274
"747",-116.419389,34.9592083
"748",NA,NA
"749",-81.6943605,41.49932
"750",-77.1945247,41.2033216
"751",-58.3815591,-34.6036844
"752",-95.712891,37.09024
"753",-86.7315785,36.1860795
"754",NA,NA
"755",-77.1945247,41.2033216
"756",NA,NA
"757",NA,NA
"758",NA,NA
"759",-73.9712488,40.7830603
"760",NA,NA
"761",-97.092877,35.0077519
"762",72.7097161,31.1704063
"763",-83.0457538,42.331427
"764",2.0910377,41.3772561
"765",-79.3831843,43.653226
"766",-119.4179324,36.778261
"767",-79.0192997,35.7595731
"768",-0.1277583,51.5073509
"769",-108.1347836,34.2983884
"770",-118.2436849,34.0522342
"771",-89.6662063,37.3822732
"772",NA,NA
"773",-71.364226,42.3209291
"774",NA,NA
"775",NA,NA
"776",NA,NA
"777",-82.8001026,27.9658533
"778",-79.3831843,43.653226
"779",-79.9958864,40.4406248
"780",-111.7573521,32.8795022
"781",-97.7430608,30.267153
"782",NA,NA
"783",-71.0616623,42.4573354
"784",-114.1804038,48.3799643
"785",-75.0849058,38.3365032
"786",-119.4179324,36.778261
"787",NA,NA
"788",-2.9915726,53.4083714
"789",-84.3879824,33.7489954
"790",-87.6297982,41.8781136
"791",144.9630576,-37.8136276
"792",NA,NA
"793",-119.1372338,46.2112458
"794",NA,NA
"795",-3.435973,55.378051
"796",-91.1403196,30.4582829
"797",NA,NA
"798",-0.0486478,51.5134983
"799",-95.712891,37.09024
"800",113.921327,-0.789275
"801",NA,NA
"802",-83.6163423,42.9994718
"803",-95.712891,37.09024
"804",-74.0059413,40.7127837
"805",-76.9758274,38.8686654
"806",26.0813193,44.4234336
"807",-77.0368707,38.9071923
"808",NA,NA
"809",-79.3831843,43.653226
"810",-0.1277583,51.5073509
"811",-94.6858998,46.729553
"812",-105.7820674,39.5500507
"813",-96.6316593,33.1578952
"814",-95.712891,37.09024
"815",-77.0368707,38.9071923
"816",-76.1474244,43.0481221
"817",-122.3320708,47.6062095
"818",-94.6858998,46.729553
"819",NA,NA
"820",-111.4134634,40.5061806
"821",-0.1277583,51.5073509
"822",NA,NA
"823",-73.9441579,40.6781784
"824",NA,NA
"825",-118.2436849,34.0522342
"826",-74.1723667,40.735657
"827",-104.8213634,38.8338816
"828",NA,NA
"829",-76.93776,38.9896967
"830",-118.2436849,34.0522342
"831",NA,NA
"832",-92.4382367,39.4183689
"833",-111.7609896,34.8697395
"834",-112.0740373,33.4483771
"835",-73.567256,45.5016889
"836",151.2092955,-33.8688197
"837",-95.712891,37.09024
"838",-114.5730208,35.1677771
"839",-82.907123,40.4172871
"840",-77.8270669,43.6333482
"841",151.2092955,-33.8688197
"842",NA,NA
"843",-83.6499321,41.04422
"844",-73.9441579,40.6781784
"845",NA,NA
"846",-75.1652215,39.9525839
"847",NA,NA
"848",-77.9447102,34.2257255
"849",-74.004523,40.733582
"850",-96.542509,33.569263
"851",-95.712891,37.09024
"852",-82.9000751,32.1656221
"853",-81.5157535,27.6648274
"854",-95.712891,37.09024
"855",-118.2436849,34.0522342
"856",-2.2426305,53.4807593
"857",-75.6971931,45.4215296
"858",-86.3997167,39.7628227
"859",-74.004523,40.733582
"860",NA,NA
"861",-95.712891,37.09024
"862",-105.2210997,39.755543
"863",-149.8177501,61.5776351
"864",-81.3792365,28.5383355
"865",NA,NA
"866",2.213749,46.227638
"867",36.934959,6.349569
"868",NA,NA
"869",18.0312796,59.3527699
"870",-122.4194155,37.7749295
"871",NA,NA
"872",-77.297508,18.109581
"873",-123.6770485,41.0491723
"874",151.2092955,-33.8688197
"875",-87.6297982,41.8781136
"876",-87.6297982,41.8781136
"877",-79.3831843,43.653226
"878",-77.0940843,38.984198
"879",-94.6707917,38.9822282
"880",-74.8459972,40.245664
"881",NA,NA
"882",NA,NA
"883",-77.0368707,38.9071923
"884",-95.712891,37.09024
"885",-123.1207375,49.2827291
"886",21.5392803,41.3329406
"887",-86.902298,32.3182314
"888",-95.3010624,32.3512601
"889",-117.4260466,47.6587802
"890",-98.4842465,39.011902
"891",NA,NA
"892",-118.2436849,34.0522342
"893",-96.7969879,32.7766642
"894",-92.2895948,34.7464809
"895",-117.4260466,47.6587802
"896",-86.1349019,40.2671941
"897",-72.3009158,40.9378777
"898",-95.712891,37.09024
"899",-95.712891,37.09024
"900",6.5665018,53.2193835
"901",-73.9564096,40.6182743
"902",-74.0059413,40.7127837
"903",-95.712891,37.09024
"904",-95.712891,37.09024
"905",-74.0059413,40.7127837
"906",NA,NA
"907",-96.7969879,32.7766642
"908",-86.902298,32.3182314
"909",-81.1637245,33.836081
"910",-117.6411717,33.550735
"911",-74.0059413,40.7127837
"912",-74.0059413,40.7127837
"913",-6.2603097,53.3498053
"914",-112.0740373,33.4483771
"915",-86.1349019,40.2671941
"916",-82.4571776,27.950575
"917",NA,NA
"918",-77.0368707,38.9071923
"919",-86.1349019,40.2671941
"920",-82.1981764,33.4504157
"921",-94.3413168,34.0378916
"922",-66.58973,6.42375
"923",-87.9064736,43.0389025
"924",NA,NA
"925",-95.712891,37.09024
"926",-81.1637245,33.836081
"927",-77.0219019,38.8738632
"928",-114.9817213,36.0395247
"929",-95.712891,37.09024
"930",NA,NA
"931",-80.8265627,27.2071351
"932",-95.712891,37.09024
"933",-120.7401386,47.7510741
"934",-90.1994042,38.6270025
"935",-81.1637245,33.836081
"936",-74.0059413,40.7127837
"937",NA,NA
"938",-95.712891,37.09024
"939",-97.7430608,30.267153
"940",-74.0059413,40.7127837
"941",-95.6368955,28.9010869
"942",-81.5157535,27.6648274
"943",-90.0715323,29.9510658
"944",-95.712891,37.09024
"945",-71.2923877,42.296797
"946",-73.9712488,40.7830603
"947",-74.0059413,40.7127837
"948",-120.7401386,47.7510741
"949",-73.9441579,40.6781784
"950",NA,NA
"951",-74.0059413,40.7127837
"952",-99.9018131,31.9685988
"953",-118.2436849,34.0522342
"954",-97.3880731,32.4615291
"955",-120.7401386,47.7510741
"956",-93.6091064,41.6005448
"957",-74.0059413,40.7127837
"958",-119.4179324,36.778261
"959",-77.0368707,38.9071923
"960",NA,NA
"961",-90.0715323,29.9510658
"962",NA,NA
"963",-89.2361935,38.0114393
"964",NA,NA
"965",-111.0937311,34.0489281
"966",72.7097161,31.1704063
"967",-90.0715323,29.9510658
"968",-76.6412712,39.0457549
"969",-74.0059413,40.7127837
"970",-116.173894,33.6803003
"971",-104.8771726,39.5807452
"972",-73.9441579,40.6781784
"973",-74.0059413,40.7127837
"974",-99.9018131,31.9685988
"975",-118.2436849,34.0522342
"976",-90.0715323,29.9510658
"977",-119.4179324,36.778261
"978",NA,NA
"979",NA,NA
"980",NA,NA
"981",-77.0368707,38.9071923
"982",-122.3320708,47.6062095
"983",-93.0899578,44.9537029
"984",NA,NA
"985",-77.0368707,38.9071923
"986",-81.2081203,28.669997
"987",-88.7878678,43.7844397
"988",-77.0368707,38.9071923
"989",10.7522454,59.9138688
"990",4.8951679,52.3702157
"991",NA,NA
"992",-95.712891,37.09024
"993",-14.452362,14.497401
"994",-79.0192997,35.7595731
"995",-118.2436849,34.0522342
"996",-80.1917902,25.7616798
"997",-86.902298,32.3182314
"998",-80.3553302,25.8195424
"999",-97.092877,35.0077519
"1000",-99.9018131,31.9685988
"1001",-0.1277583,51.5073509
"1002",-80.3553302,25.8195424
"1003",-73.3800905,44.586581
"1004",-74.4056612,40.0583238
"1005",-95.9979883,41.2523634
"1006",28.0473051,-26.2041028
"1007",-99.9018131,31.9685988
"1008",-89.9734652,35.1157489
"1009",-95.712891,37.09024
"1010",139.6917064,35.6894875
"1011",29.3714909,38.0802878
"1012",-80.1917902,25.7616798
"1013",-97.092877,35.0077519
"1014",-86.902298,32.3182314
"1015",-80.3553302,25.8195424
"1016",-99.9018131,31.9685988
"1017",-80.3553302,25.8195424
"1018",-155.5827818,19.8967662
"1019",-87.6297982,41.8781136
"1020",NA,NA
"1021",NA,NA
"1022",-69.9597664,41.6820897
"1023",-69.9597664,41.6820897
"1024",-95.712891,37.09024
"1025",-85.6680863,42.9633599
"1026",-97.7430608,30.267153
"1027",-95.3696909,35.7478769
"1028",-94.5785667,39.0997265
"1029",-74.3300842,40.7862871
"1030",NA,NA
"1031",-79.8917139,40.0656291
"1032",-74.4056612,40.0583238
"1033",-74.0059413,40.7127837
"1034",-90.1848103,32.2987573
"1035",-119.4179324,36.778261
"1036",-79.8917139,40.0656291
"1037",-97.3307658,32.7554883
"1038",-122.2913078,37.8271784
"1039",-74.4056612,40.0583238
"1040",151.2092955,-33.8688197
"1041",NA,NA
"1042",-123.9400647,49.1658836
"1043",-74.0059413,40.7127837
"1044",NA,NA
"1045",-81.6326234,38.3498195
"1046",-111.8910474,40.7607793
"1047",-97.9413941,29.8832749
"1048",-70.2962408,41.6687897
"1049",-73.8648268,40.8447819
"1050",55.2707828,25.2048493
"1051",-102.4107493,34.2331373
"1052",-118.40853,33.9415889
"1053",-80.0533746,26.7153424
"1054",-74.8459972,40.245664
"1055",NA,NA
"1056",-107.8800667,37.27528
"1057",NA,NA
"1058",-87.2169149,30.421309
"1059",18.0312796,59.3527699
"1060",-79.9958864,40.4406248
"1061",NA,NA
"1062",-77.0365298,38.8976763
"1063",NA,NA
"1064",-95.712891,37.09024
"1065",-84.5066044,37.4645267
"1066",-86.1349019,40.2671941
"1067",-122.121512,47.6739881
"1068",-70.6613511,-33.5264495
"1069",-122.3255254,37.5629917
"1070",-79.3831843,43.653226
"1071",NA,NA
"1072",-115.1398296,36.1699412
"1073",-97.3307658,32.7554883
"1074",-71.0588801,42.3600825
"1075",NA,NA
"1076",-95.712891,37.09024
"1077",-112.0740373,33.4483771
"1078",NA,NA
"1079",-82.4571776,27.950575
"1080",-87.2169149,30.421309
"1081",-95.712891,37.09024
"1082",-90.1994042,38.6270025
"1083",-74.0059413,40.7127837
"1084",NA,NA
"1085",-86.1349019,40.2671941
"1086",-95.712891,37.09024
"1087",-119.4179324,36.778261
"1088",-1.1743197,52.3555177
"1089",-74.0059413,40.7127837
"1090",-74.0059413,40.7127837
"1091",-79.9414266,37.2709704
"1092",-77.0368707,38.9071923
"1093",NA,NA
"1094",-90.0715323,29.9510658
"1095",-122.0438298,37.5933918
"1096",-95.712891,37.09024
"1097",151.2092955,-33.8688197
"1098",NA,NA
"1099",-95.712891,37.09024
"1100",NA,NA
"1101",-81.5157535,27.6648274
"1102",-74.0059413,40.7127837
"1103",-75.1652215,39.9525839
"1104",-73.134961,40.789142
"1105",NA,NA
"1106",-3.435973,55.378051
"1107",-118.2436849,34.0522342
"1108",-95.712891,37.09024
"1109",-95.712891,37.09024
"1110",-95.712891,37.09024
"1111",-85.6023643,44.3148443
"1112",-106.346771,56.130366
"1113",-113.4909267,53.544389
"1114",-119.4179324,36.778261
"1115",-81.5157535,27.6648274
"1116",NA,NA
"1117",NA,NA
"1118",NA,NA
"1119",-69.3473509,10.0677719
"1120",-79.0192997,35.7595731
"1121",-0.1277583,51.5073509
"1122",-71.0588801,42.3600825
"1123",-87.8411818,42.325578
"1124",-84.3879824,33.7489954
"1125",-79.0192997,35.7595731
"1126",-99.9018131,31.9685988
"1127",-95.712891,37.09024
"1128",-77.1945247,41.2033216
"1129",-98.4936282,29.4241219
"1130",-95.712891,37.09024
"1131",-116.419389,34.9592083
"1132",-99.9018131,31.9685988
"1133",-73.9441579,40.6781784
"1134",-95.712891,37.09024
"1135",-117.1610838,32.715738
"1136",-86.1349019,40.2671941
"1137",-77.0368707,38.9071923
"1138",72.9251379,22.5476561
"1139",133.775136,-25.274398
"1140",-95.712891,37.09024
"1141",-79.0192997,35.7595731
"1142",-75.6971931,45.4215296
"1143",-81.243177,42.9869502
"1144",-94.6707917,38.9822282
"1145",-127.6476206,53.7266683
"1146",NA,NA
"1147",NA,NA
"1148",NA,NA
"1149",NA,NA
"1150",-71.0588801,42.3600825
"1151",NA,NA
"1152",-74.0059413,40.7127837
"1153",-94.6707917,38.9822282
"1154",NA,NA
"1155",NA,NA
"1156",-111.8314724,33.4151843
"1157",-87.9064736,43.0389025
"1158",-122.3320708,47.6062095
"1159",-95.712891,37.09024
"1160",-90.1153638,32.4618086
"1161",-77.0368707,38.9071923
"1162",-80.1425781,39.4850848
"1163",3.3792057,6.5243793
"1164",-73.7265202,40.7867681
"1165",9.9936818,53.5510846
"1166",-74.0376355,40.1136928
"1167",-74.0376355,40.1136928
"1168",-74.0376355,40.1136928
"1169",-74.0345813,40.1320592
"1170",-74.0376355,40.1136928
"1171",-77.0368707,38.9071923
"1172",21.5915831,43.2367913
"1173",NA,NA
"1174",-74.0059413,40.7127837
"1175",-118.1937395,33.7700504
"1176",NA,NA
"1177",-127.6476206,53.7266683
"1178",-87.9535534,41.8397865
"1179",-63.4168136,46.510712
"1180",-83.753428,9.748917
"1181",9.537499,33.886917
"1182",NA,NA
"1183",-77.1945247,41.2033216
"1184",-82.907123,40.4172871
"1185",-95.712891,37.09024
"1186",NA,NA
"1187",-79.3831843,43.653226
"1188",-82.4575938,28.2188992
"1189",NA,NA
"1190",-95.992775,36.1539816
"1191",151.2204441,-33.8780176
"1192",-102.4107493,34.2331373
"1193",-77.0368707,38.9071923
"1194",-82.4575938,28.2188992
"1195",NA,NA
"1196",-111.8314724,33.4151843
"1197",-77.0368707,38.9071923
"1198",-82.4575938,28.2188992
"1199",-82.4575938,28.2188992
"1200",-81.5157535,27.6648274
"1201",-95.712891,37.09024
"1202",-79.0192997,35.7595731
"1203",-77.0368707,38.9071923
"1204",-73.9441579,40.6781784
"1205",-82.4575938,28.2188992
"1206",-95.712891,37.09024
"1207",-93.6371937,43.2624685
"1208",-2.12882,52.586973
"1209",174.776236,-41.2864603
"1210",-0.1277583,51.5073509
"1211",-114.5730208,35.1677771
"1212",NA,NA
"1213",NA,NA
"1214",-105.1019275,40.1672068
"1215",-43.1728965,-22.9068467
"1216",-79.3831843,43.653226
"1217",NA,NA
"1218",NA,NA
"1219",-89.3985283,40.6331249
"1220",-84.3879824,33.7489954
"1221",NA,NA
"1222",-84.3879824,33.7489954
"1223",NA,NA
"1224",-77.0368707,38.9071923
"1225",-104.990251,39.7392358
"1226",-119.4179324,36.778261
"1227",-105.7820674,39.5500507
"1228",-87.6087638,41.8054641
"1229",NA,NA
"1230",NA,NA
"1231",-74.0059413,40.7127837
"1232",-74.0059413,40.7127837
"1233",-91.8318334,37.9642529
"1234",NA,NA
"1235",7.4246158,5.6848673
"1236",-81.5157535,27.6648274
"1237",NA,NA
"1238",-77.0368707,38.9071923
"1239",-80.0533746,26.7153424
"1240",-95.712891,37.09024
"1241",-77.0368707,38.9071923
"1242",-74.0059413,40.7127837
"1243",-79.3831843,43.653226
"1244",NA,NA
"1245",-75.6971931,45.4215296
"1246",-74.0059413,40.7127837
"1247",-81.5157535,27.6648274
"1248",-74.0059413,40.7127837
"1249",-118.3812562,34.187044
"1250",-97.009347,47.9311871
"1251",-73.9234619,40.7643574
"1252",-91.3584816,39.7083789
"1253",NA,NA
"1254",-88.7878678,43.7844397
"1255",NA,NA
"1256",-75.1652215,39.9525839
"1257",-119.6981901,34.4208305
"1258",NA,NA
"1259",72.7097161,31.1704063
"1260",-86.2519898,41.6763545
"1261",NA,NA
"1262",-78.6568942,37.4315734
"1263",-88.0398912,30.6953657
"1264",-0.613576,51.4817279
"1265",-3.1337981,51.6826041
"1266",-87.6297982,41.8781136
"1267",-118.4003563,34.0736204
"1268",-122.6764816,45.5230622
"1269",NA,NA
"1270",-81.5157535,27.6648274
"1271",-79.5008934,38.6942003
"1272",-96.7969879,32.7766642
"1273",NA,NA
"1274",-71.3824374,42.4072107
"1275",-74.0059413,40.7127837
"1276",-76.6121893,39.2903848
"1277",-122.4194155,37.7749295
"1278",-91.2395807,43.8013556
"1279",28.3374283,-25.7657075
"1280",NA,NA
"1281",-74.0059413,40.7127837
"1282",34.888822,-6.369028
"1283",-82.3248262,29.6516344
"1284",141.0122371,-38.0453129
"1285",NA,NA
"1286",-119.19639,38.17028
"1287",-97.7430608,30.267153
"1288",-71.0588801,42.3600825
"1289",NA,NA
"1290",NA,NA
"1291",-119.4179324,36.778261
"1292",-99.9018131,31.9685988
"1293",-91.8318334,35.20105
"1294",18.0312796,59.3527699
"1295",NA,NA
"1296",-79.9958864,40.4406248
"1297",NA,NA
"1298",-124.0693697,44.5493555
"1299",4.788474,52.5205869
"1300",NA,NA
"1301",-122.2913078,37.8271784
"1302",NA,NA
"1303",NA,NA
"1304",-73.9441579,40.6781784
"1305",-123.1207375,49.2827291
"1306",-119.4179324,36.778261
"1307",-95.712891,37.09024
"1308",-91.8318334,35.20105
"1309",-73.087749,41.6032207
"1310",-74.0059413,40.7127837
"1311",-74.0059413,40.7127837
"1312",NA,NA
"1313",NA,NA
"1314",-157.8583333,21.3069444
"1315",NA,NA
"1316",-90.1214235,29.9393052
"1317",-110.926479,32.2217429
"1318",NA,NA
"1319",-112.0740373,33.4483771
"1320",-70.54399,43.3845306
"1321",-3.435973,55.378051
"1322",-122.3255254,37.5629917
"1323",-65.2744444,66.6722222
"1324",-95.712891,37.09024
"1325",-97.092877,35.0077519
"1326",-99.9018131,31.9685988
"1327",-74.0059413,40.7127837
"1328",NA,NA
"1329",-73.9919285,40.7156369
"1330",NA,NA
"1331",NA,NA
"1332",-118.2436849,34.0522342
"1333",NA,NA
"1334",-76.8099041,18.0178743
"1335",-3.435973,55.378051
"1336",-93.097702,41.8780025
"1337",-116.5765035,53.9332706
"1338",NA,NA
"1339",-70.162651,18.735693
"1340",-97.3307658,32.7554883
"1341",-84.9877094,32.4609764
"1342",-87.3594528,36.5297706
"1343",NA,NA
"1344",7.398574,9.0764785
"1345",NA,NA
"1346",-73.212072,44.4758825
"1347",-81.5157535,27.6648274
"1348",-75.1652215,39.9525839
"1349",-111.2822492,40.6104984
"1350",-95.712891,37.09024
"1351",NA,NA
"1352",-74.0059413,40.7127837
"1353",-71.0588801,42.3600825
"1354",NA,NA
"1355",-95.712891,37.09024
"1356",-81.6943605,41.49932
"1357",-73.9441579,40.6781784
"1358",-106.346771,56.130366
"1359",NA,NA
"1360",-80.1917902,25.7616798
"1361",-95.712891,37.09024
"1362",-95.712891,37.09024
"1363",151.2092955,-33.8688197
"1364",-120.8499924,35.3659445
"1365",-74.0059413,40.7127837
"1366",-77.0368707,38.9071923
"1367",-155.5827818,19.8967662
"1368",-95.712891,37.09024
"1369",106.6503409,10.7129764
"1370",-8.24389,53.41291
"1371",-79.3831843,43.653226
"1372",-81.5157535,27.6648274
"1373",-95.3698028,29.7604267
"1374",-78.898619,35.9940329
"1375",NA,NA
"1376",-85.7584557,38.2526647
"1377",-79.7839262,35.4398606
"1378",-115.1398296,36.1699412
"1379",-77.0368707,38.9071923
"1380",NA,NA
"1381",18.0312796,59.3527699
"1382",-82.9000751,32.1656221
"1383",-93.3703309,33.351006
"1384",NA,NA
"1385",-86.1585817,38.0997912
"1386",-78.4948583,37.5205048
"1387",-74.0059413,40.7127837
"1388",-95.712891,37.09024
"1389",-82.907123,40.4172871
"1390",-77.0368707,38.9071923
"1391",NA,NA
"1392",-119.4179324,36.778261
"1393",NA,NA
"1394",-95.712891,37.09024
"1395",-80.1289321,26.3683064
"1396",-101.0020119,47.5514926
"1397",NA,NA
"1398",-71.5225646,42.2286954
"1399",-102.4107493,34.2331373
"1400",-74.4056612,40.0583238
"1401",-71.5215024,41.7036711
"1402",-122.2913078,37.8271784
"1403",-116.5765035,53.9332706
"1404",-121.1760583,38.6779591
"1405",-86.5861037,34.7303688
"1406",-85.7044149,35.0123024
"1407",-122.0399663,38.2493581
"1408",-86.1349019,40.2671941
"1409",-122.4194155,37.7749295
"1410",NA,NA
"1411",NA,NA
"1412",-89.4012302,43.0730517
"1413",-116.222316,43.5658231
"1414",-95.712891,37.09024
"1415",-118.2436849,34.0522342
"1416",NA,NA
"1417",-88.0900815,42.3716881
"1418",-122.8755949,42.3265152
"1419",-74.0059413,40.7127837
"1420",-121.9877444,38.3565773
"1421",-118.2436849,34.0522342
"1422",-87.8271534,42.3689363
"1423",-90.0715323,29.9510658
"1424",-74.0059413,40.7127837
"1425",NA,NA
"1426",-5.9161854,54.6075434
"1427",-97.7430608,30.267153
"1428",-76.6412712,39.0457549
"1429",NA,NA
"1430",-122.8755949,42.3265152
"1431",NA,NA
"1432",NA,NA
"1433",5.291266,52.132633
"1434",153.0251235,-27.4697707
"1435",-66.9036063,10.4805937
"1436",-72.589811,42.1014831
"1437",NA,NA
"1438",-122.121512,47.6739881
"1439",-86.5861037,34.7303688
"1440",NA,NA
"1441",-74.1502007,40.5795317
"1442",128.4508166,36.6654636
"1443",-86.902298,32.3182314
"1444",-86.5861037,34.7303688
"1445",-73.134961,40.789142
"1446",NA,NA
"1447",-1.890401,52.486243
"1448",-71.5723953,43.1938516
"1449",-81.1637245,33.836081
"1450",-2.73097,53.541714
"1451",-96.5690552,32.9738089
"1452",-97.4461058,29.9596656
"1453",78.96288,20.593684
"1454",-82.9987942,39.9611755
"1455",-119.1372338,46.2112458
"1456",-76.8867008,40.2731911
"1457",-81.5157535,27.6648274
"1458",NA,NA
"1459",-118.2436849,34.0522342
"1460",-75.6971931,45.4215296
"1461",NA,NA
"1462",-113.625642,53.6304753
"1463",NA,NA
"1464",-115.1398296,36.1699412
"1465",-111.8507662,40.3916172
"1466",-119.4179324,36.778261
"1467",-118.2436849,34.0522342
"1468",NA,NA
"1469",-95.712891,37.09024
"1470",-122.2913078,37.8271784
"1471",NA,NA
"1472",-118.2436849,34.0522342
"1473",-108.1347836,34.2983884
"1474",-105.8700901,34.5199402
"1475",-149.4936733,64.2008413
"1476",NA,NA
"1477",NA,NA
"1478",-74.0059413,40.7127837
"1479",-74.0059413,40.7127837
"1480",-122.3708419,40.6804279
"1481",NA,NA
"1482",NA,NA
"1483",-81.2957231,29.7074222
"1484",-86.2999689,32.3668052
"1485",-2.2426305,53.4807593
"1486",NA,NA
"1487",NA,NA
"1488",NA,NA
"1489",-76.6121893,39.2903848
"1490",-111.8485009,40.3879019
"1491",-75.2479061,40.4107964
"1492",NA,NA
"1493",-2.0727839,53.7190281
"1494",-85.6023643,44.3148443
"1495",-99.9018131,31.9685988
"1496",-77.0368707,38.9071923
"1497",-81.5157535,27.6648274
"1498",NA,NA
"1499",NA,NA
"1500",-76.2982742,36.8354258
"1501",NA,NA
"1502",-112.4259922,40.5987733
"1503",-85.7584557,38.2526647
"1504",-82.2859247,27.937801
"1505",-122.6366524,38.232417
"1506",-118.2436849,34.0522342
"1507",-89.5192484,34.3664951
"1508",-81.5157535,27.6648274
"1509",-95.3698028,29.7604267
"1510",-81.5157535,27.6648274
"1511",-73.134961,40.789142
"1512",-89.3985283,40.6331249
"1513",NA,NA
"1514",NA,NA
"1515",-84.5037164,38.0405837
"1516",-83.3204807,41.3844964
"1517",-91.6656232,41.9778795
"1518",-71.3824374,42.4072107
"1519",-95.712891,37.09024
"1520",NA,NA
"1521",-91.8318334,35.20105
"1522",-71.5723953,43.1938516
"1523",5.291266,52.132633
"1524",NA,NA
"1525",-95.712891,37.09024
"1526",-86.158068,39.768403
"1527",-122.2059833,47.6768927
"1528",-82.9000751,32.1656221
"1529",-0.1277583,51.5073509
"1530",NA,NA
"1531",-122.3320708,47.6062095
"1532",-0.1277583,51.5073509
"1533",-119.4179324,36.778261
"1534",-84.3879824,33.7489954
"1535",-118.1170117,33.8816818
"1536",NA,NA
"1537",NA,NA
"1538",-98.4842465,39.011902
"1539",-81.1637245,33.836081
"1540",-74.0059413,40.7127837
"1541",-122.4442906,47.2528768
"1542",24.5022981,44.200797
"1543",-70.6692655,-33.4488897
"1544",18.0685808,59.3293235
"1545",-111.8910474,40.7607793
"1546",-82.9987942,39.9611755
"1547",-76.6121893,39.2903848
"1548",-122.4194155,37.7749295
"1549",NA,NA
"1550",-6.4923145,54.7877149
"1551",NA,NA
"1552",-90.1994042,38.6270025
"1553",-83.2784851,30.8327022
"1554",NA,NA
"1555",-82.3940104,34.8526176
"1556",-80.4549026,38.5976262
"1557",-74.0059413,40.7127837
"1558",-74.0059413,40.7127837
"1559",NA,NA
"1560",-82.3940104,34.8526176
"1561",-74.9429448,40.3659394
"1562",-87.6297982,41.8781136
"1563",NA,NA
"1564",-74.0059413,40.7127837
"1565",76.3158544,10.0071908
"1566",-95.50806,29.6214018
"1567",NA,NA
"1568",-95.712891,37.09024
"1569",-119.4179324,36.778261
"1570",-118.2436849,34.0522342
"1571",NA,NA
"1572",-81.5157535,27.6648274
"1573",NA,NA
"1574",-95.712891,37.09024
"1575",-95.712891,37.09024
"1576",-95.701168,39.0358147
"1577",-80.1917902,25.7616798
"1578",-74.0059413,40.7127837
"1579",-118.2436849,34.0522342
"1580",-81.1637245,33.836081
"1581",-76.6121893,39.2903848
"1582",-95.712891,37.09024
"1583",-119.4179324,36.778261
"1584",-118.3213553,34.1240653
"1585",-95.712891,37.09024
"1586",-149.9002778,61.2180556
"1587",-81.5157535,27.6648274
"1588",-80.4549026,38.5976262
"1589",-82.4571776,27.950575
"1590",NA,NA
"1591",-116.419389,34.9592083
"1592",-95.712891,37.09024
"1593",NA,NA
"1594",-118.2436849,34.0522342
"1595",-122.4285862,37.4635519
"1596",NA,NA
"1597",-87.6297982,41.8781136
"1598",-95.712891,37.09024
"1599",-81.5157535,27.6648274
"1600",-95.712891,37.09024
"1601",-86.5804473,35.5174913
"1602",-95.712891,37.09024
"1603",-92.2243153,34.8150907
"1604",-74.0059413,40.7127837
"1605",-112.3576567,33.4353394
"1606",-95.712891,37.09024
"1607",-89.2181911,13.6929403
"1608",NA,NA
"1609",-80.1917902,25.7616798
"1610",-95.712891,37.09024
"1611",-83.0457538,42.331427
"1612",-73.7823549,40.9114882
"1613",-117.8854498,33.6999219
"1614",-95.712891,37.09024
"1615",74.3571581,31.5546061
"1616",-99.5037134,27.3321558
"1617",-76.6412712,39.0457549
"1618",-99.9018131,31.9685988
"1619",-87.6297982,41.8781136
"1620",-95.712891,37.09024
"1621",-97.1466695,31.549333
"1622",NA,NA
"1623",NA,NA
"1624",-95.712891,37.09024
"1625",-83.7430378,42.2808256
"1626",-86.7483318,34.6992579
"1627",-95.712891,37.09024
"1628",NA,NA
"1629",-95.712891,37.09024
"1630",-119.4179324,36.778261
"1631",-75.9268747,40.3356483
"1632",NA,NA
"1633",-77.0368707,38.9071923
"1634",NA,NA
"1635",-95.712891,37.09024
"1636",-87.5691735,33.2098407
"1637",-87.6297982,41.8781136
"1638",-93.2922989,37.2089572
"1639",-94.097168,41.5519547
"1640",-77.0368707,38.9071923
"1641",NA,NA
"1642",-74.0059413,40.7127837
"1643",-95.712891,37.09024
"1644",-95.712891,37.09024
"1645",-2.2426305,53.4807593
"1646",-112.0595603,33.4358417
"1647",-95.712891,37.09024
"1648",-95.712891,37.09024
"1649",-88.019826,44.519159
"1650",-74.0059413,40.7127837
"1651",-112.0952742,41.7750201
"1652",NA,NA
"1653",-95.712891,37.09024
"1654",-77.0365298,38.8976763
"1655",-74.0059413,40.7127837
"1656",-2.13125,49.214439
"1657",-87.6297982,41.8781136
"1658",-86.5804473,35.5174913
"1659",NA,NA
"1660",-97.7430608,30.267153
"1661",-99.9018131,31.9685988
"1662",NA,NA
"1663",-95.712891,37.09024
"1664",NA,NA
"1665",-85.6023643,44.3148443
"1666",-84.5120196,39.1031182
"1667",NA,NA
"1668",NA,NA
"1669",-94.6966609,44.9360731
"1670",-74.0059413,40.7127837
"1671",-74.0059413,40.7127837
"1672",-78.5097228,35.9798734
"1673",-95.712891,37.09024
"1674",7.728079,63.1103346
"1675",-76.6121893,39.2903848
"1676",-85.6023643,44.3148443
"1677",-99.9018131,31.9685988
"1678",NA,NA
"1679",-77.0368707,38.9071923
"1680",NA,NA
"1681",-99.9018131,31.9685988
"1682",NA,NA
"1683",-122.0575434,37.387474
"1684",-75.6971931,45.4215296
"1685",NA,NA
"1686",-77.0368707,38.9071923
"1687",-122.3255254,37.5629917
"1688",-88.7878678,43.7844397
"1689",-95.3010624,32.3512601
"1690",-87.6297982,41.8781136
"1691",9.501785,56.26392
"1692",-84.6266111,38.9989499
"1693",-77.0368707,38.9071923
"1694",NA,NA
"1695",-82.3940104,34.8526176
"1696",-79.3831843,43.653226
"1697",-102.4107493,34.2331373
"1698",-106.4850217,31.7618778
"1699",-72.4114696,40.8845291
"1700",-80.8431267,35.2270869
"1701",-122.272747,37.8715926
"1702",-118.2436849,34.0522342
"1703",-77.0368707,38.9071923
"1704",NA,NA
"1705",-79.3831843,43.653226
"1706",-84.3879824,33.7489954
"1707",-118.2436849,34.0522342
"1708",-118.3905628,34.1444673
"1709",76.5761714,33.778175
"1710",NA,NA
"1711",-78.6568942,21.4691137
"1712",-109.9888323,40.3004704
"1713",-118.2436849,34.0522342
"1714",-76.1474244,43.0481221
"1715",-95.712891,37.09024
"1716",NA,NA
"1717",NA,NA
"1718",-88.0603806,44.4488805
"1719",NA,NA
"1720",-95.712891,37.09024
"1721",8.675277,9.081999
"1722",-77.4360481,37.5407246
"1723",-86.7816016,36.1626638
"1724",101.975766,4.210484
"1725",-74.0059413,40.7127837
"1726",-83.482116,42.3086444
"1727",-111.8910474,40.7607793
"1728",-78.8866943,33.6890603
"1729",-95.712891,37.09024
"1730",NA,NA
"1731",-88.7878678,43.7844397
"1732",-95.3698028,29.7604267
"1733",1.419597,50.04887
"1734",-91.8318334,37.9642529
"1735",NA,NA
"1736",NA,NA
"1737",144.9630576,-37.8136276
"1738",-73.5387341,41.0534302
"1739",-79.9558968,39.629526
"1740",-75.451571,40.1856597
"1741",-72.8141185,41.2799027
"1742",-87.6297982,41.8781136
"1743",-81.6943605,41.49932
"1744",-105.6064272,39.9727458
"1745",NA,NA
"1746",NA,NA
"1747",-73.9624327,40.6409217
"1748",-85.497476,40.8831011
"1749",-96.6851982,40.8257625
"1750",-111.0937311,34.0489281
"1751",4.8625133,52.3733543
"1752",-91.1403196,30.4582829
"1753",78.96288,20.593684
"1754",-82.4571776,27.950575
"1755",-86.7315785,36.1860795
"1756",-95.712891,37.09024
"1757",-97.8202888,30.505198
"1758",-111.9260519,33.4941704
"1759",-71.3128285,41.4901024
"1760",-77.1945247,41.2033216
"1761",-86.2999689,32.3668052
"1762",-94.5785667,39.0997265
"1763",-157.8583333,21.3069444
"1764",-116.419389,34.9592083
"1765",-99.5269926,29.6152274
"1766",-80.8431267,35.2270869
"1767",-87.6297982,41.8781136
"1768",NA,NA
"1769",NA,NA
"1770",-118.2436849,34.0522342
"1771",NA,NA
"1772",-76.6121893,39.2903848
"1773",NA,NA
"1774",-3.435973,55.378051
"1775",NA,NA
"1776",-84.2700179,37.8393332
"1777",-74.0059413,40.7127837
"1778",-94.961594,29.7270612
"1779",-81.5157535,27.6648274
"1780",-82.1617883,34.1954001
"1781",NA,NA
"1782",-118.3286614,34.0928092
"1783",-87.6297982,41.8781136
"1784",-95.712891,37.09024
"1785",-86.158068,39.768403
"1786",NA,NA
"1787",-122.3151313,47.8209301
"1788",-95.712891,37.09024
"1789",-93.0899578,44.9537029
"1790",NA,NA
"1791",-82.9987942,39.9611755
"1792",NA,NA
"1793",-118.2436849,34.0522342
"1794",-105.7820674,39.5500507
"1795",NA,NA
"1796",NA,NA
"1797",NA,NA
"1798",NA,NA
"1799",-81.5157535,27.6648274
"1800",-95.992775,36.1539816
"1801",-76.3436052,42.9896693
"1802",-77.4360481,37.5407246
"1803",-118.4694832,33.9850469
"1804",-76.6412712,39.0457549
"1805",NA,NA
"1806",NA,NA
"1807",-77.0368707,38.9071923
"1808",NA,NA
"1809",-78.6568942,37.4315734
"1810",NA,NA
"1811",NA,NA
"1812",-73.9580393,40.73333
"1813",-155.5827818,19.8967662
"1814",-95.712891,37.09024
"1815",-77.0368707,38.9071923
"1816",-71.0994968,42.3875968
"1817",-72.5219617,42.3956556
"1818",-102.4107493,34.2331373
"1819",-74.0059413,40.7127837
"1820",-118.2436849,34.0522342
"1821",-87.8211854,42.5847425
"1822",NA,NA
"1823",NA,NA
"1824",-120.7401386,47.7510741
"1825",NA,NA
"1826",-76.6121893,39.2903848
"1827",-77.0368707,38.9071923
"1828",-76.1474244,43.0481221
"1829",-117.8311428,33.7174708
"1830",-87.8211854,42.5847425
"1831",-85.7584557,38.2526647
"1832",-73.9441579,40.6781784
"1833",-120.7401386,47.7510741
"1834",-90.0694075,38.8862375
"1835",-84.1916069,39.7589478
"1836",-3.188267,55.953252
"1837",-84.3879824,33.7489954
"1838",-86.7816016,36.1626638
"1839",-79.3831843,43.653226
"1840",-99.9018131,31.9685988
"1841",-122.3320708,47.6062095
"1842",-90.0489801,35.1495343
"1843",-95.712891,37.09024
"1844",100.918144,13.152439
"1845",-122.6764816,45.5230622
"1846",-81.1637245,33.836081
"1847",NA,NA
"1848",77.3255963,28.3421598
"1849",-0.1277583,51.5073509
"1850",72.7097161,31.1704063
"1851",-84.3879824,33.7489954
"1852",NA,NA
"1853",-77.0368707,38.9071923
"1854",-122.7140548,38.440429
"1855",NA,NA
"1856",-71.1300338,41.8644591
"1857",-118.542586,34.3916641
"1858",-106.2800242,43.4113604
"1859",-74.0059413,40.7127837
"1860",NA,NA
"1861",-1.1743197,52.3555177
"1862",-76.6121893,39.2903848
"1863",-95.712891,37.09024
"1864",-83.9207392,35.9606384
"1865",-76.8770788,40.2555809
"1866",-87.6297982,41.8781136
"1867",NA,NA
"1868",NA,NA
"1869",-119.4179324,36.778261
"1870",-117.8311428,33.7174708
"1871",-120.7401386,47.7510741
"1872",-119.4179324,36.778261
"1873",-76.6412712,39.0457549
"1874",-77.1945247,41.2033216
"1875",-119.174329,34.200972
"1876",-87.6297982,41.8781136
"1877",-76.6121893,39.2903848
"1878",-98.4936282,29.4241219
"1879",-74.663464,40.8693272
"1880",-85.6023643,44.3148443
"1881",NA,NA
"1882",-85.7584557,38.2526647
"1883",-76.6121893,39.2903848
"1884",-120.5542012,43.8041334
"1885",-81.5157535,27.6648274
"1886",-84.3879824,33.7489954
"1887",NA,NA
"1888",-87.5691735,33.2098407
"1889",-76.6121893,39.2903848
"1890",NA,NA
"1891",-81.5157535,27.6648274
"1892",NA,NA
"1893",-85.0766113,33.5801103
"1894",-74.4056612,40.0583238
"1895",NA,NA
"1896",NA,NA
"1897",NA,NA
"1898",NA,NA
"1899",-87.9535534,41.8397865
"1900",-79.3831843,43.653226
"1901",-74.4056612,40.0583238
"1902",-85.7584557,38.2526647
"1903",2.3522219,48.856614
"1904",-73.5491361,52.9399159
"1905",-106.346771,56.130366
"1906",NA,NA
"1907",-82.112945,28.6774551
"1908",-73.8648268,40.8447819
"1909",NA,NA
"1910",NA,NA
"1911",12.5683371,55.6760968
"1912",-73.9441579,40.6781784
"1913",-95.712891,37.09024
"1914",-72.8230736,41.4570108
"1915",-78.8689155,38.4495688
"1916",-116.419389,34.9592083
"1917",-93.2009998,44.9374831
"1918",-95.712891,37.09024
"1919",-76.3457773,37.1223664
"1920",-71.0588801,42.3600825
"1921",-3.8360606,56.0196754
"1922",NA,NA
"1923",-85.6023643,44.3148443
"1924",-99.9018131,31.9685988
"1925",-77.0368707,38.9071923
"1926",-74.4056612,40.0583238
"1927",-74.0059413,40.7127837
"1928",NA,NA
"1929",-99.9018131,31.9685988
"1930",NA,NA
"1931",-79.3831843,43.653226
"1932",-84.4277001,33.6407282
"1933",-122.6764816,45.5230622
"1934",-79.0192997,35.7595731
"1935",NA,NA
"1936",NA,NA
"1937",-117.9992265,33.660297
"1938",-83.3527097,42.36837
"1939",-95.712891,37.09024
"1940",2.213749,46.227638
"1941",-3.576945,51.504286
"1942",NA,NA
"1943",12.0807203,50.8850706
"1944",73.5093474,4.1754959
"1945",-95.712891,37.09024
"1946",-122.2711137,37.8043637
"1947",-96.7969879,32.7766642
"1948",-79.9958864,40.4406248
"1949",-88.3614753,42.2400231
"1950",-106.346771,56.130366
"1951",-3.188267,55.953252
"1952",NA,NA
"1953",-97.3307658,32.7554883
"1954",-73.7948516,40.7282239
"1955",-95.712891,37.09024
"1956",-98.4936282,29.4241219
"1957",-93.0899578,44.9537029
"1958",-122.3320708,47.6062095
"1959",NA,NA
"1960",-93.939947,29.8849504
"1961",-112.0740373,33.4483771
"1962",-87.6297982,41.8781136
"1963",NA,NA
"1964",-75.1652215,39.9525839
"1965",-121.8863286,37.3382082
"1966",NA,NA
"1967",-96.6988856,33.0198431
"1968",NA,NA
"1969",34.851612,31.046051
"1970",-74.0059413,40.7127837
"1971",-89.9687011,34.6176032
"1972",NA,NA
"1973",-95.712891,37.09024
"1974",-114.1128734,46.3140884
"1975",-118.2436596,34.0522265
"1976",18.4130763,43.8562586
"1977",-101.8209749,33.6562701
"1978",-80.0533746,26.7153424
"1979",-87.6306623,45.0999849
"1980",-77.0368707,38.9071923
"1981",NA,NA
"1982",-122.2913078,37.8271784
"1983",-119.4179324,36.778261
"1984",-82.4134614,32.2176855
"1985",-77.0368707,38.9071923
"1986",-122.3320708,47.6062095
"1987",-77.0368707,38.9071923
"1988",NA,NA
"1989",-119.8865571,37.4649385
"1990",-75.1652215,39.9525839
"1991",-95.712891,37.09024
"1992",-74.0059413,40.7127837
"1993",-93.097702,41.8780025
"1994",-83.2732627,42.3369816
"1995",-77.0909809,38.8816208
"1996",-88.0398912,30.6953657
"1997",-3.435973,55.378051
"1998",5.291266,52.132633
"1999",NA,NA
"2000",-75.6971931,45.4215296
"2001",-71.0588801,42.3600825
"2002",NA,NA
"2003",-122.3320708,47.6062095
"2004",-119.4179324,36.778261
"2005",-77.0368707,38.9071923
"2006",-102.4107493,34.2331373
"2007",-111.0937311,34.0489281
"2008",NA,NA
"2009",NA,NA
"2010",-90.4611995,30.5043583
"2011",-79.2669619,36.0959715
"2012",NA,NA
"2013",-83.9221275,35.9270274
"2014",-111.8314724,33.4151843
"2015",NA,NA
"2016",-76.6588575,39.2559403
"2017",-79.782628,36.057772
"2018",-87.1233292,37.2939322
"2019",-81.5157535,27.6648274
"2020",-95.7441768,36.1628786
"2021",-87.6278071,41.893827
"2022",-88.0398912,30.6953657
"2023",-77.0368707,38.9071923
"2024",-81.6943605,41.49932
"2025",-122.2913078,37.8271784
"2026",NA,NA
"2027",-122.3255254,37.5629917
"2028",-118.2436849,34.0522342
"2029",-99.9018131,31.9685988
"2030",-91.151461,30.5323599
"2031",-84.1052256,40.742551
"2032",NA,NA
"2033",NA,NA
"2034",-99.9018131,31.9685988
"2035",-105.084423,40.5852602
"2036",-79.3306958,38.6427509
"2037",NA,NA
"2038",-81.5157535,27.6648274
"2039",-77.0368707,38.9071923
"2040",-105.7820674,39.5500507
"2041",-74.0059413,40.7127837
"2042",NA,NA
"2043",-79.9958864,40.4406248
"2044",-122.4981921,47.7987072
"2045",-85.0766113,33.5801103
"2046",-81.5157535,27.6648274
"2047",-84.1546452,36.2178566
"2048",-77.0368707,38.9071923
"2049",-100.4370375,31.4637723
"2050",NA,NA
"2051",NA,NA
"2052",-122.1762426,37.7784963
"2053",NA,NA
"2054",-95.3698028,29.7604267
"2055",-81.5157535,27.6648274
"2056",-115.530267,32.9786566
"2057",-2.2426305,53.4807593
"2058",-116.419389,34.9592083
"2059",-117.1610838,32.715738
"2060",-97.092877,35.0077519
"2061",NA,NA
"2062",NA,NA
"2063",-8.24389,53.41291
"2064",-122.4194155,37.7749295
"2065",-79.9310512,32.7764749
"2066",-74.4330474,40.336419
"2067",-77.0368707,38.9071923
"2068",-106.6700458,52.1332144
"2069",NA,NA
"2070",NA,NA
"2071",-97.8772267,29.9891052
"2072",-88.6505983,32.300144
"2073",NA,NA
"2074",-94.5785667,39.0997265
"2075",-122.3320708,47.6062095
"2076",NA,NA
"2077",NA,NA
"2078",-97.2689212,35.4975625
"2079",-111.8910474,40.7607793
"2080",-84.3879824,33.7489954
"2081",-118.2436849,34.0522342
"2082",NA,NA
"2083",-95.712891,37.09024
"2084",-71.1097335,42.3736158
"2085",NA,NA
"2086",-122.272747,37.8715926
"2087",-81.655651,30.3321838
"2088",NA,NA
"2089",-71.2092214,42.3370413
"2090",-83.2784851,30.8327022
"2091",NA,NA
"2092",-118.2436849,34.0522342
"2093",-86.5186045,35.9828412
"2094",-74.0059413,40.7127837
"2095",-105.7820674,39.5500507
"2096",-99.9018131,31.9685988
"2097",-75.1652215,39.9525839
"2098",NA,NA
"2099",NA,NA
"2100",97.8531153,15.2487575
"2101",-95.712891,37.09024
"2102",-120.5542012,43.8041334
"2103",NA,NA
"2104",-81.5157535,27.6648274
"2105",-78.6568942,37.4315734
"2106",26.9169264,57.7297816
"2107",-95.712891,37.09024
"2108",NA,NA
"2109",NA,NA
"2110",-81.5370671,41.4739419
"2111",-95.712891,37.09024
"2112",NA,NA
"2113",NA,NA
"2114",31.2357116,30.0444196
"2115",NA,NA
"2116",NA,NA
"2117",-93.2650108,44.977753
"2118",NA,NA
"2119",-122.2711137,37.8043637
"2120",87.3301845,22.2657524
"2121",NA,NA
"2122",-82.907123,40.4172871
"2123",-118.2436849,34.0522342
"2124",-105.7820674,39.5500507
"2125",-118.2436849,34.0522342
"2126",-117.3794834,33.1958696
"2127",-81.5157535,27.6648274
"2128",-88.0817251,41.525031
"2129",-79.8306264,33.6676643
"2130",NA,NA
"2131",NA,NA
"2132",-99.9018131,31.9685988
"2133",NA,NA
"2134",-90.1994042,38.6270025
"2135",-95.712891,37.09024
"2136",-78.6568942,37.4315734
"2137",-119.4179324,36.778261
"2138",-84.5120196,39.1031182
"2139",-95.712891,37.09024
"2140",-107.3253157,39.5389895
"2141",-120.7401386,47.7510741
"2142",NA,NA
"2143",NA,NA
"2144",-77.0368707,38.9071923
"2145",-71.278584,42.5475139
"2146",NA,NA
"2147",NA,NA
"2148",-77.5636015,39.1156615
"2149",-95.3698028,29.7604267
"2150",-74.4056612,40.0583238
"2151",-87.6297982,41.8781136
"2152",NA,NA
"2153",-106.7636538,32.3199396
"2154",NA,NA
"2155",-77.0368707,38.9071923
"2156",-87.6297982,41.8781136
"2157",-71.5723953,43.1938516
"2158",-73.1709604,44.4669941
"2159",NA,NA
"2160",-77.1945247,41.2033216
"2161",-97.2258483,33.0040126
"2162",-91.1403196,30.4582829
"2163",-95.712891,37.09024
"2164",-118.2605574,34.0781593
"2165",NA,NA
"2166",-96.7969879,32.7766642
"2167",-75.6971931,45.4215296
"2168",-121.8377019,47.5417211
"2169",-71.0588801,42.3600825
"2170",-120.7401386,47.7510741
"2171",NA,NA
"2172",-77.0368707,38.9071923
"2173",-95.712891,37.09024
"2174",NA,NA
"2175",NA,NA
"2176",-95.712891,37.09024
"2177",-118.1445155,34.1477849
"2178",2.213749,46.227638
"2179",-77.0368707,38.9071923
"2180",NA,NA
"2181",-76.6121893,39.2903848
"2182",-102.4107493,34.2331373
"2183",-122.6764816,45.5230622
"2184",-84.1546452,36.2178566
"2185",171.6911559,-42.4064185
"2186",-119.4179324,36.778261
"2187",NA,NA
"2188",-120.7401386,47.7510741
"2189",-78.8783689,42.8864468
"2190",-95.712891,37.09024
"2191",151.2092955,-33.8688197
"2192",-3.435973,55.378051
"2193",-77.1945247,41.2033216
"2194",-95.712891,37.09024
"2195",-124.0534505,44.6367836
"2196",NA,NA
"2197",-86.902298,32.3182314
"2198",NA,NA
"2199",NA,NA
"2200",-110.926479,32.2217429
"2201",-110.926479,32.2217429
"2202",-86.902298,32.3182314
"2203",-95.712891,37.09024
"2204",-89.3985283,40.6331249
"2205",-76.6121893,39.2903848
"2206",-77.0368707,38.9071923
"2207",-95.712891,37.09024
"2208",-79.3831843,43.653226
"2209",-95.357994,29.4627365
"2210",-71.0588801,42.3600825
"2211",-81.3792365,28.5383355
"2212",NA,NA
"2213",-87.6297982,41.8781136
"2214",-8.24389,53.41291
"2215",-95.712891,37.09024
"2216",-95.712891,37.09024
"2217",-95.3698028,29.7604267
"2218",-95.357994,29.4627365
"2219",-119.4179324,36.778261
"2220",-95.712891,37.09024
"2221",-95.712891,37.09024
"2222",-99.9018131,41.4925374
"2223",-83.9207392,35.9606384
"2224",-105.8700901,34.5199402
"2225",-95.712891,37.09024
"2226",-87.6297982,41.8781136
"2227",-80.4742261,35.6709727
"2228",-82.3940104,34.8526176
"2229",NA,NA
"2230",-122.3320708,47.6062095
"2231",-81.5157535,27.6648274
"2232",-112.0740373,33.4483771
"2233",-85.7584557,38.2526647
"2234",-85.9134107,33.6366316
"2235",NA,NA
"2236",-95.712891,37.09024
"2237",NA,NA
"2238",NA,NA
"2239",-95.357994,29.4627365
"2240",-74.1502007,40.5795317
"2241",-95.712891,37.09024
"2242",-84.3879824,33.7489954
"2243",-99.9018131,31.9685988
"2244",-97.3307658,32.7554883
"2245",-90.0715323,29.9510658
"2246",-105.2551187,54.5259614
"2247",-106.6055534,35.0853336
"2248",-76.1518547,43.0517745
"2249",-95.357994,29.4627365
"2250",-95.712891,37.09024
"2251",NA,NA
"2252",NA,NA
"2253",NA,NA
"2254",-118.3525748,33.9164032
"2255",-95.712891,37.09024
"2256",-89.4012302,43.0730517
"2257",NA,NA
"2258",-95.712891,37.09024
"2259",-117.2160672,34.386131
"2260",-90.0694075,38.8862375
"2261",-118.2436849,34.0522342
"2262",NA,NA
"2263",-95.712891,37.09024
"2264",-84.3879824,33.7489954
"2265",-4.7245321,41.652251
"2266",NA,NA
"2267",-71.0588801,42.3600825
"2268",-8.4635874,54.2616476
"2269",-82.9000751,32.1656221
"2270",-87.6297982,41.8781136
"2271",-95.712891,37.09024
"2272",NA,NA
"2273",-84.3693882,39.6261682
"2274",-83.7430378,42.2808256
"2275",-95.712891,37.09024
"2276",NA,NA
"2277",-95.712891,37.09024
"2278",-86.7816016,36.1626638
"2279",NA,NA
"2280",8.7940122,54.3031508
"2281",NA,NA
"2282",10.451526,51.165691
"2283",-95.712891,37.09024
"2284",-86.1349019,40.2671941
"2285",-122.3320708,47.6062095
"2286",-99.9018131,31.9685988
"2287",-82.2584915,40.4439532
"2288",10.451526,51.165691
"2289",8.7940122,54.3031508
"2290",-78.8783689,42.8864468
"2291",NA,NA
"2292",NA,NA
"2293",-75.1652215,39.9525839
"2294",-0.1277583,51.5073509
"2295",72.8776559,19.0759837
"2296",7.0115552,51.4556432
"2297",-120.5542012,43.8041334
"2298",-76.6121893,39.2903848
"2299",-121.4495729,48.527619
"2300",-70.5141622,43.4243008
"2301",NA,NA
"2302",NA,NA
"2303",-74.0059413,40.7127837
"2304",-111.8910474,40.7607793
"2305",-102.4107493,34.2331373
"2306",-78.4766781,38.0293059
"2307",NA,NA
"2308",-119.4179324,36.778261
"2309",22.937506,-30.559482
"2310",-118.2436849,34.0522342
"2311",-79.3831843,43.653226
"2312",-115.1398296,36.1699412
"2313",-92.2895948,34.7464809
"2314",NA,NA
"2315",-74.4056612,40.0583238
"2316",-81.5157535,27.6648274
"2317",-74.0059413,40.7127837
"2318",-106.346771,56.130366
"2319",NA,NA
"2320",-122.333654,47.602375
"2321",-97.7430608,30.267153
"2322",-95.712891,37.09024
"2323",-95.712891,37.09024
"2324",-92.5694978,41.9646575
"2325",NA,NA
"2326",-118.2436849,34.0522342
"2327",NA,NA
"2328",-84.5120196,39.1031182
"2329",NA,NA
"2330",-77.0368707,38.9071923
"2331",-90.1153638,32.4618086
"2332",-95.3698028,29.7604267
"2333",-85.0766113,33.5801103
"2334",-83.7430378,42.2808256
"2335",NA,NA
"2336",-75.3365695,40.1517741
"2337",-104.990251,39.7392358
"2338",-119.4179324,36.778261
"2339",-76.9423672,38.5911751
"2340",-95.712891,37.09024
"2341",NA,NA
"2342",-80.4139393,37.2295733
"2343",-74.0059413,40.7127837
"2344",NA,NA
"2345",NA,NA
"2346",-118.2436849,34.0522342
"2347",-95.712891,37.09024
"2348",NA,NA
"2349",NA,NA
"2350",NA,NA
"2351",-96.7969879,32.7766642
"2352",NA,NA
"2353",-81.5157535,27.6648274
"2354",-77.0368707,38.9071923
"2355",-94.5785667,39.0997265
"2356",NA,NA
"2357",-85.6023643,44.3148443
"2358",-78.649163,41.9564953
"2359",-95.712891,37.09024
"2360",-75.2070644,40.0703334
"2361",NA,NA
"2362",-122.2711137,37.8043637
"2363",-117.1610838,32.715738
"2364",-77.0368707,38.9071923
"2365",-112.1859866,33.5386523
"2366",-6.8498129,33.9715904
"2367",NA,NA
"2368",-104.990251,39.7392358
"2369",-0.1277583,51.5073509
"2370",-82.9584902,36.1895438
"2371",-74.4056612,40.0583238
"2372",NA,NA
"2373",-94.6858998,46.729553
"2374",-73.9712488,40.7830603
"2375",NA,NA
"2376",-81.4498717,37.2232316
"2377",-82.907123,40.4172871
"2378",NA,NA
"2379",-1.2577263,51.7520209
"2380",NA,NA
"2381",-85.6023643,44.3148443
"2382",-91.8318334,37.9642529
"2383",-117.8311428,33.7174708
"2384",-83.0457538,42.331427
"2385",-91.8318334,37.9642529
"2386",9.28368,54.75729
"2387",NA,NA
"2388",-80.8428504,35.410694
"2389",-95.3698028,29.7604267
"2390",-97.7430608,30.267153
"2391",-3.435973,55.378051
"2392",NA,NA
"2393",-74.0059413,40.7127837
"2394",-102.4107493,34.2331373
"2395",-86.5861037,34.7303688
"2396",NA,NA
"2397",NA,NA
"2398",-82.5514869,35.5950581
"2399",-74.0059413,40.7127837
"2400",-73.9441579,40.6781784
